/*Insert roles */
INSERT INTO public.roles (id,"name","key",is_deleted,created_by,updated_by,created_at,updated_at) VALUES
	 ('816a3c78-386d-47e9-b543-93861deee0b1'::uuid,'Admin','admin',false,NULL,NULL,'2023-06-07 22:04:13.199689+07','2023-06-07 22:04:13.199689+07'),
	 ('90e257a5-4a4b-49aa-95e3-25a55c895912'::uuid,'Biên tập viên','btv',false,NULL,NULL,'2023-06-07 22:04:13.201634+07','2023-06-07 22:04:13.201634+07'),
	 ('c547f281-5ba1-40e0-952c-6657e163d6f6'::uuid,'Editor','editor',false,NULL,NULL,'2023-06-07 22:04:13.205219+07','2023-06-07 22:04:13.205219+07'),
	 ('844427a2-3ccf-43fa-a519-99b7a941c9c1'::uuid,'Rao vặt','raovat',false,NULL,NULL,'2023-06-07 22:04:13.203493+07','2023-06-07 22:04:13.203493+07');
     
/*Insert permissions*/
INSERT INTO public.permissions (id,"name",is_deleted,created_by,updated_by,created_at,updated_at) VALUES
	 ('a90c5012-78bf-4501-9ded-40fca4a81055'::uuid,'MANAGE_MEMBER_VIEW',false,NULL,NULL,'2023-06-06 21:56:22.422996+07','2023-06-06 21:56:22.422996+07'),
	 ('fff033ce-8082-4354-9d53-4d252b977d37'::uuid,'MANAGE_MEMBER_ADD',false,NULL,NULL,'2023-06-06 21:56:22.431898+07','2023-06-06 21:56:22.431898+07'),
	 ('f12e778d-5a7a-4204-a156-40835622f228'::uuid,'MANAGE_MEMBER_EDIT',false,NULL,NULL,'2023-06-06 21:56:22.43318+07','2023-06-06 21:56:22.43318+07'),
	 ('f8f41e37-f502-4655-a2ed-55cde6c8b11a'::uuid,'MANAGE_MEMBER_DELETE',false,NULL,NULL,'2023-06-06 21:56:22.434606+07','2023-06-06 21:56:22.434606+07'),
	 ('c1446c94-fd52-4964-8ef3-46e0f0a0a476'::uuid,'MANAGE_MEMBER_DISABLE',false,NULL,NULL,'2023-06-06 21:56:22.436193+07','2023-06-06 21:56:22.436193+07'),
	 ('83a5490e-caf6-44e5-8d3a-334e9286884e'::uuid,'MANAGE_MEMBER_ENABLE',false,NULL,NULL,'2023-06-06 21:56:22.438151+07','2023-06-06 21:56:22.438151+07'),
	 ('1239be49-88c7-48ad-8e16-29b4035b7c37'::uuid,'MANAGE_USERS_VIEW',false,NULL,NULL,'2023-06-06 21:56:22.439701+07','2023-06-06 21:56:22.439701+07'),
	 ('0fc54e9f-706d-4986-ba3a-6831625fdaf7'::uuid,'MANAGE_USERS_DISABLE',false,NULL,NULL,'2023-06-06 21:56:22.441058+07','2023-06-06 21:56:22.441058+07'),
	 ('e72cc2cb-adc3-47c4-9e5e-0826e4b8126c'::uuid,'MANAGE_POST_VIEW',false,NULL,NULL,'2023-06-06 21:59:16.162714+07','2023-06-06 21:59:16.162714+07'),
	 ('be33673a-bc76-46f5-9aad-928e504b44c7'::uuid,'MANAGE_POST_ADD',false,NULL,NULL,'2023-06-06 21:59:16.164301+07','2023-06-06 21:59:16.164301+07');
INSERT INTO public.permissions (id,"name",is_deleted,created_by,updated_by,created_at,updated_at) VALUES
	 ('e8ead74b-1420-4f48-8be7-b59823dd62e4'::uuid,'MANAGE_POST_EDIT',false,NULL,NULL,'2023-06-06 21:59:16.165302+07','2023-06-06 21:59:16.165302+07'),
	 ('326c053e-1a26-4275-9c20-34c2cfefaef7'::uuid,'MANAGE_POST_DELETE',false,NULL,NULL,'2023-06-06 21:59:16.166249+07','2023-06-06 21:59:16.166249+07'),
	 ('248d9073-761e-4681-bee3-ee59643de905'::uuid,'ADS_VIEW',false,NULL,NULL,'2023-06-06 22:18:42.752488+07','2023-06-06 22:18:42.752488+07'),
	 ('88b02cd4-17b8-4476-b86b-c0ed59b1dad6'::uuid,'ADS_ADD',false,NULL,NULL,'2023-06-06 22:18:42.754906+07','2023-06-06 22:18:42.754906+07'),
	 ('c94acc55-b0ff-47a9-b363-4e18ae4a8af0'::uuid,'ADS_EDIT',false,NULL,NULL,'2023-06-06 22:18:42.756459+07','2023-06-06 22:18:42.756459+07'),
	 ('118fdbe6-fafd-4ead-9d79-14a55695d1ac'::uuid,'ADS_DELETE',false,NULL,NULL,'2023-06-06 22:18:42.7584+07','2023-06-06 22:18:42.7584+07'),
	 ('152f42a1-df77-4938-9e1d-c0f602c32d32'::uuid,'RAOVAT_VIEW',false,NULL,NULL,'2023-06-06 22:18:42.759647+07','2023-06-06 22:18:42.759647+07'),
	 ('3dc07499-b715-4acd-ae32-4e38064ec282'::uuid,'RAOVAT_ADD',false,NULL,NULL,'2023-06-06 22:18:42.760672+07','2023-06-06 22:18:42.760672+07'),
	 ('700c6457-0197-4060-a852-ef4a35f779c8'::uuid,'RAOVAT_EDIT',false,NULL,NULL,'2023-06-06 22:18:42.761692+07','2023-06-06 22:18:42.761692+07'),
	 ('7ee68c8e-6695-4688-9769-7ba4469a999c'::uuid,'RAOVAT_DELETE',false,NULL,NULL,'2023-06-06 22:18:42.76258+07','2023-06-06 22:18:42.76258+07');
INSERT INTO public.permissions (id,"name",is_deleted,created_by,updated_by,created_at,updated_at) VALUES
	 ('030c3a63-dfac-4f19-99e0-68e4fe42c47b'::uuid,'QAS_VIEW',false,NULL,NULL,'2023-06-06 22:18:42.76342+07','2023-06-06 22:18:42.76342+07'),
	 ('32d27b90-ec5e-494b-9e75-04dc3457879e'::uuid,'QAS_ADD',false,NULL,NULL,'2023-06-06 22:18:42.764295+07','2023-06-06 22:18:42.764295+07'),
	 ('55361132-92d8-4422-b991-643e8a027869'::uuid,'QAS_EDIT',false,NULL,NULL,'2023-06-06 22:18:42.765059+07','2023-06-06 22:18:42.765059+07'),
	 ('7f08cad5-9b10-427e-a1a3-353b6450f45a'::uuid,'MANAGE_MEDIA_VIEW',false,NULL,NULL,'2023-06-06 22:18:42.766115+07','2023-06-06 22:18:42.766115+07'),
	 ('72cbcee3-9e59-468a-b35e-155479bc4bca'::uuid,'CONFIG_SEO_VIEW',false,NULL,NULL,'2023-06-06 22:18:42.766115+07','2023-06-06 22:18:42.766115+07'),
	 ('a6d081bb-0d29-481b-b9cb-f944cb911292'::uuid,'CONFIG_SEO_EDIT',false,NULL,NULL,'2023-06-06 22:18:42.766115+07','2023-06-06 22:18:42.766115+07'),
	 ('4612b110-4026-47af-a6c0-a43574133f71'::uuid,'REPORT_VIEW',false,NULL,NULL,'2023-06-06 22:18:42.766115+07','2023-06-06 22:18:42.766115+07'),
	 ('bd7a7662-b47c-4dc1-88b8-598ff470dcb8'::uuid,'REPORT_EXPORT',false,NULL,NULL,'2023-06-06 22:18:42.766115+07','2023-06-06 22:18:42.766115+07'),
	 ('190b268f-c4d4-4846-a3d9-40202aafa353'::uuid,'HISTORY_ACTIVITY_TEAM',false,NULL,NULL,'2023-06-06 22:18:42.766115+07','2023-06-06 22:18:42.766115+07'),
	 ('971edc64-a951-4067-b728-c2c58aa9b1b4'::uuid,'QAS_DELETE',false,NULL,NULL,'2023-06-06 22:18:42.766115+07','2023-06-06 22:18:42.766115+07');
INSERT INTO public.permissions (id,"name",is_deleted,created_by,updated_by,created_at,updated_at) VALUES
	 ('79b68da6-d113-4231-be4f-81115a8ba56a'::uuid,'MANAGE_USERS_ENABLE',false,NULL,NULL,'2023-06-06 21:56:22.442336+07','2023-06-06 21:56:22.442336+07'),
	 ('a29898a7-e5a9-44d4-9cec-1d502a6b6ebe'::uuid,'MANAGE_CATEGORY_VIEW',false,NULL,NULL,'2023-06-06 21:59:16.167237+07','2023-06-06 21:59:16.167237+07'),
	 ('3fd7f70a-f3e8-4d7f-8dd1-f54209a5002a'::uuid,'MANAGE_CATEGORY_ADD',false,NULL,NULL,'2023-06-06 21:59:16.168146+07','2023-06-06 21:59:16.168146+07'),
	 ('11b80aab-c376-4230-bb48-d06eeeb27a50'::uuid,'MANAGE_CATEGORY_EDIT',false,NULL,NULL,'2023-06-06 21:59:16.16907+07','2023-06-06 21:59:16.16907+07'),
	 ('7208819e-29f6-46d9-b99f-2b580ba82c76'::uuid,'MANAGE_CATEGORY_DELETE',false,NULL,NULL,'2023-06-06 21:59:16.169956+07','2023-06-06 21:59:16.169956+07'),
	 ('df180ec1-7f7d-4d20-8a84-f042aa63e2b9'::uuid,'CONFIG_MENU_VIEW',false,NULL,NULL,'2023-06-06 21:59:16.167237+07','2023-06-06 21:59:16.167237+07'),
	 ('ba6cf412-6ea5-4f44-86d7-d6e0925acb79'::uuid,'CONFIG_MENU_ADD',false,NULL,NULL,'2023-06-06 21:59:16.168146+07','2023-06-06 21:59:16.168146+07'),
	 ('ff8ec3eb-8209-4d3b-8900-89528325b508'::uuid,'CONFIG_MENU_EDIT',false,NULL,NULL,'2023-06-06 21:59:16.16907+07','2023-06-06 21:59:16.16907+07'),
	 ('1cef00b2-df99-42cb-b55d-c6167c4ab968'::uuid,'CONFIG_MENU_DELETE',false,NULL,NULL,'2023-06-06 21:59:16.169956+07','2023-06-06 21:59:16.169956+07');

/*Insert role_permissions*/
INSERT INTO public.role_permissions (id,role_id,permission_id,is_deleted,created_by,updated_by,created_at,updated_at) VALUES
	 ('91a2ba91-45f4-4630-80e0-10e6765967e7'::uuid,'816a3c78-386d-47e9-b543-93861deee0b1'::uuid,'a90c5012-78bf-4501-9ded-40fca4a81055'::uuid,false,NULL,NULL,'2023-06-07 22:06:47.184169+07','2023-06-07 22:06:47.184169+07'),
	 ('1c9f6e92-5cad-443d-adf8-bf37f00932cd'::uuid,'816a3c78-386d-47e9-b543-93861deee0b1'::uuid,'fff033ce-8082-4354-9d53-4d252b977d37'::uuid,false,NULL,NULL,'2023-06-07 22:06:47.18913+07','2023-06-07 22:06:47.18913+07'),
	 ('0809a5ce-9a28-42f3-8b1e-d5429b0b75a5'::uuid,'816a3c78-386d-47e9-b543-93861deee0b1'::uuid,'f12e778d-5a7a-4204-a156-40835622f228'::uuid,false,NULL,NULL,'2023-06-07 22:06:47.190581+07','2023-06-07 22:06:47.190581+07'),
	 ('e5a88c22-5c0d-437a-85b4-c714ea6a5c9f'::uuid,'816a3c78-386d-47e9-b543-93861deee0b1'::uuid,'f8f41e37-f502-4655-a2ed-55cde6c8b11a'::uuid,false,NULL,NULL,'2023-06-07 22:06:47.191791+07','2023-06-07 22:06:47.191791+07'),
	 ('7aebe209-0741-46fe-9f9d-4f95f5da2602'::uuid,'816a3c78-386d-47e9-b543-93861deee0b1'::uuid,'c1446c94-fd52-4964-8ef3-46e0f0a0a476'::uuid,false,NULL,NULL,'2023-06-07 22:06:47.192946+07','2023-06-07 22:06:47.192946+07'),
	 ('6bd75eaa-b10f-484c-8cab-521e548d4cf8'::uuid,'816a3c78-386d-47e9-b543-93861deee0b1'::uuid,'83a5490e-caf6-44e5-8d3a-334e9286884e'::uuid,false,NULL,NULL,'2023-06-07 22:06:47.194032+07','2023-06-07 22:06:47.194032+07'),
	 ('2e0c8f4f-35f6-4ee2-99fc-b57857a37d9c'::uuid,'816a3c78-386d-47e9-b543-93861deee0b1'::uuid,'1239be49-88c7-48ad-8e16-29b4035b7c37'::uuid,false,NULL,NULL,'2023-06-07 22:06:47.195086+07','2023-06-07 22:06:47.195086+07'),
	 ('48dcb589-8e61-415f-949b-65c5efe235f7'::uuid,'816a3c78-386d-47e9-b543-93861deee0b1'::uuid,'0fc54e9f-706d-4986-ba3a-6831625fdaf7'::uuid,false,NULL,NULL,'2023-06-07 22:06:47.19602+07','2023-06-07 22:06:47.19602+07'),
	 ('7b7d4cb3-8237-4bcf-a848-139016c13eaf'::uuid,'816a3c78-386d-47e9-b543-93861deee0b1'::uuid,'79b68da6-d113-4231-be4f-81115a8ba56a'::uuid,false,NULL,NULL,'2023-06-07 22:06:47.196868+07','2023-06-07 22:06:47.196868+07'),
	 ('43801e5e-fba6-4e8d-84d0-422012d3ea78'::uuid,'816a3c78-386d-47e9-b543-93861deee0b1'::uuid,'e72cc2cb-adc3-47c4-9e5e-0826e4b8126c'::uuid,false,NULL,NULL,'2023-06-07 22:06:47.197829+07','2023-06-07 22:06:47.197829+07');
INSERT INTO public.role_permissions (id,role_id,permission_id,is_deleted,created_by,updated_by,created_at,updated_at) VALUES
	 ('cdf770ed-4965-4f9f-a420-483776e9dc6d'::uuid,'816a3c78-386d-47e9-b543-93861deee0b1'::uuid,'be33673a-bc76-46f5-9aad-928e504b44c7'::uuid,false,NULL,NULL,'2023-06-07 22:06:47.19927+07','2023-06-07 22:06:47.19927+07'),
	 ('ae001d25-f7ca-4d56-8a36-f0a380313312'::uuid,'816a3c78-386d-47e9-b543-93861deee0b1'::uuid,'e8ead74b-1420-4f48-8be7-b59823dd62e4'::uuid,false,NULL,NULL,'2023-06-07 22:06:47.200373+07','2023-06-07 22:06:47.200373+07'),
	 ('c5ce832a-ada5-412e-b973-47c9a164f795'::uuid,'816a3c78-386d-47e9-b543-93861deee0b1'::uuid,'326c053e-1a26-4275-9c20-34c2cfefaef7'::uuid,false,NULL,NULL,'2023-06-07 22:06:47.201622+07','2023-06-07 22:06:47.201622+07'),
	 ('be58313b-f0eb-47fd-af00-40288929c3ad'::uuid,'816a3c78-386d-47e9-b543-93861deee0b1'::uuid,'a29898a7-e5a9-44d4-9cec-1d502a6b6ebe'::uuid,false,NULL,NULL,'2023-06-07 22:06:47.203095+07','2023-06-07 22:06:47.203095+07'),
	 ('e16586ff-c078-431c-aaf5-59ac42b3d00a'::uuid,'816a3c78-386d-47e9-b543-93861deee0b1'::uuid,'3fd7f70a-f3e8-4d7f-8dd1-f54209a5002a'::uuid,false,NULL,NULL,'2023-06-07 22:06:47.204545+07','2023-06-07 22:06:47.204545+07'),
	 ('28486fd2-bf74-4dcc-957e-add26c20d408'::uuid,'816a3c78-386d-47e9-b543-93861deee0b1'::uuid,'11b80aab-c376-4230-bb48-d06eeeb27a50'::uuid,false,NULL,NULL,'2023-06-07 22:06:47.205875+07','2023-06-07 22:06:47.205875+07'),
	 ('cdd7ccdc-1adf-47f4-a8bf-976e766a6eb2'::uuid,'816a3c78-386d-47e9-b543-93861deee0b1'::uuid,'7208819e-29f6-46d9-b99f-2b580ba82c76'::uuid,false,NULL,NULL,'2023-06-07 22:06:47.207557+07','2023-06-07 22:06:47.207557+07'),
	 ('965a44bc-3089-430b-be29-fccfa5d75c56'::uuid,'816a3c78-386d-47e9-b543-93861deee0b1'::uuid,'248d9073-761e-4681-bee3-ee59643de905'::uuid,false,NULL,NULL,'2023-06-07 22:06:47.208483+07','2023-06-07 22:06:47.208483+07'),
	 ('4fc9b1ea-4091-450e-8f0d-b860f850c298'::uuid,'816a3c78-386d-47e9-b543-93861deee0b1'::uuid,'88b02cd4-17b8-4476-b86b-c0ed59b1dad6'::uuid,false,NULL,NULL,'2023-06-07 22:06:47.209356+07','2023-06-07 22:06:47.209356+07'),
	 ('0a299b61-83e1-496b-b70a-a18c77246a4a'::uuid,'816a3c78-386d-47e9-b543-93861deee0b1'::uuid,'c94acc55-b0ff-47a9-b363-4e18ae4a8af0'::uuid,false,NULL,NULL,'2023-06-07 22:06:47.21018+07','2023-06-07 22:06:47.21018+07');
INSERT INTO public.role_permissions (id,role_id,permission_id,is_deleted,created_by,updated_by,created_at,updated_at) VALUES
	 ('f4983f2f-e73d-4e65-96c0-79eb02c2b3dc'::uuid,'816a3c78-386d-47e9-b543-93861deee0b1'::uuid,'118fdbe6-fafd-4ead-9d79-14a55695d1ac'::uuid,false,NULL,NULL,'2023-06-07 22:06:47.210985+07','2023-06-07 22:06:47.210985+07'),
	 ('98ffaf5a-d676-4413-83cd-7c1f033e3a6b'::uuid,'816a3c78-386d-47e9-b543-93861deee0b1'::uuid,'152f42a1-df77-4938-9e1d-c0f602c32d32'::uuid,false,NULL,NULL,'2023-06-07 22:06:47.211858+07','2023-06-07 22:06:47.211858+07'),
	 ('55aa161e-b841-41f1-8e53-9b9634baa1f6'::uuid,'816a3c78-386d-47e9-b543-93861deee0b1'::uuid,'3dc07499-b715-4acd-ae32-4e38064ec282'::uuid,false,NULL,NULL,'2023-06-07 22:06:47.212709+07','2023-06-07 22:06:47.212709+07'),
	 ('c0573e88-a7a1-4c42-864a-cba70a64edd1'::uuid,'816a3c78-386d-47e9-b543-93861deee0b1'::uuid,'700c6457-0197-4060-a852-ef4a35f779c8'::uuid,false,NULL,NULL,'2023-06-07 22:06:47.213747+07','2023-06-07 22:06:47.213747+07'),
	 ('c13792b9-83ea-47f8-b3cd-5173721db5c7'::uuid,'816a3c78-386d-47e9-b543-93861deee0b1'::uuid,'7ee68c8e-6695-4688-9769-7ba4469a999c'::uuid,false,NULL,NULL,'2023-06-07 22:06:47.214898+07','2023-06-07 22:06:47.214898+07'),
	 ('854081b6-62a9-4d68-a318-af74365759aa'::uuid,'816a3c78-386d-47e9-b543-93861deee0b1'::uuid,'030c3a63-dfac-4f19-99e0-68e4fe42c47b'::uuid,false,NULL,NULL,'2023-06-07 22:06:47.216099+07','2023-06-07 22:06:47.216099+07'),
	 ('26b6c6cd-7017-4eb2-9501-8b7162454de3'::uuid,'816a3c78-386d-47e9-b543-93861deee0b1'::uuid,'32d27b90-ec5e-494b-9e75-04dc3457879e'::uuid,false,NULL,NULL,'2023-06-07 22:06:47.217369+07','2023-06-07 22:06:47.217369+07'),
	 ('6a136767-f5d5-424d-b084-8897d620d5ae'::uuid,'816a3c78-386d-47e9-b543-93861deee0b1'::uuid,'55361132-92d8-4422-b991-643e8a027869'::uuid,false,NULL,NULL,'2023-06-07 22:06:47.218999+07','2023-06-07 22:06:47.218999+07'),
	 ('83cdb57a-25e0-4f90-9d03-40f8127ebeb8'::uuid,'816a3c78-386d-47e9-b543-93861deee0b1'::uuid,'7f08cad5-9b10-427e-a1a3-353b6450f45a'::uuid,false,NULL,NULL,'2023-06-07 22:06:47.220451+07','2023-06-07 22:06:47.220451+07'),
	 ('a6c760dc-315c-4075-9d2f-4059b858e9a5'::uuid,'816a3c78-386d-47e9-b543-93861deee0b1'::uuid,'72cbcee3-9e59-468a-b35e-155479bc4bca'::uuid,false,NULL,NULL,'2023-06-07 22:06:47.221554+07','2023-06-07 22:06:47.221554+07');
INSERT INTO public.role_permissions (id,role_id,permission_id,is_deleted,created_by,updated_by,created_at,updated_at) VALUES
	 ('8755acd9-e52d-4751-8b15-c89c6db240e4'::uuid,'816a3c78-386d-47e9-b543-93861deee0b1'::uuid,'a6d081bb-0d29-481b-b9cb-f944cb911292'::uuid,false,NULL,NULL,'2023-06-07 22:06:47.222512+07','2023-06-07 22:06:47.222512+07'),
	 ('69fc692e-2cdf-46bc-aaed-cb1cfb55237c'::uuid,'816a3c78-386d-47e9-b543-93861deee0b1'::uuid,'4612b110-4026-47af-a6c0-a43574133f71'::uuid,false,NULL,NULL,'2023-06-07 22:06:47.223353+07','2023-06-07 22:06:47.223353+07'),
	 ('1689b53c-1c1f-4be9-bc1c-52cd80621586'::uuid,'816a3c78-386d-47e9-b543-93861deee0b1'::uuid,'bd7a7662-b47c-4dc1-88b8-598ff470dcb8'::uuid,false,NULL,NULL,'2023-06-07 22:06:47.224161+07','2023-06-07 22:06:47.224161+07'),
	 ('3414076e-8ab2-493f-99b4-ff4a42a2c6a0'::uuid,'816a3c78-386d-47e9-b543-93861deee0b1'::uuid,'190b268f-c4d4-4846-a3d9-40202aafa353'::uuid,false,NULL,NULL,'2023-06-07 22:06:47.224954+07','2023-06-07 22:06:47.224954+07'),
	 ('6e19d9b5-f54f-4892-a999-743e02219a99'::uuid,'816a3c78-386d-47e9-b543-93861deee0b1'::uuid,'971edc64-a951-4067-b728-c2c58aa9b1b4'::uuid,false,NULL,NULL,'2023-06-07 22:06:47.225779+07','2023-06-07 22:06:47.225779+07'),
	 ('046f326b-3714-4eaf-8140-2401d3b012c8'::uuid,'90e257a5-4a4b-49aa-95e3-25a55c895912'::uuid,'a90c5012-78bf-4501-9ded-40fca4a81055'::uuid,false,NULL,NULL,'2023-06-07 22:09:42.576086+07','2023-06-07 22:09:42.576086+07'),
	 ('3a4986c5-fbb0-466a-bf35-ff51d0afe139'::uuid,'90e257a5-4a4b-49aa-95e3-25a55c895912'::uuid,'1239be49-88c7-48ad-8e16-29b4035b7c37'::uuid,false,NULL,NULL,'2023-06-07 22:09:42.580664+07','2023-06-07 22:09:42.580664+07'),
	 ('8bf9105c-326e-43e8-9e04-6f1604ab3d7c'::uuid,'90e257a5-4a4b-49aa-95e3-25a55c895912'::uuid,'e72cc2cb-adc3-47c4-9e5e-0826e4b8126c'::uuid,false,NULL,NULL,'2023-06-07 22:09:42.581891+07','2023-06-07 22:09:42.581891+07'),
	 ('e5a86e34-1dd1-49ef-8b64-70689d93aca1'::uuid,'90e257a5-4a4b-49aa-95e3-25a55c895912'::uuid,'be33673a-bc76-46f5-9aad-928e504b44c7'::uuid,false,NULL,NULL,'2023-06-07 22:09:42.582925+07','2023-06-07 22:09:42.582925+07'),
	 ('dd9febf9-75e8-4f11-9e8e-88b024440aec'::uuid,'90e257a5-4a4b-49aa-95e3-25a55c895912'::uuid,'a29898a7-e5a9-44d4-9cec-1d502a6b6ebe'::uuid,false,NULL,NULL,'2023-06-07 22:09:42.58395+07','2023-06-07 22:09:42.58395+07');
INSERT INTO public.role_permissions (id,role_id,permission_id,is_deleted,created_by,updated_by,created_at,updated_at) VALUES
	 ('f36bc362-3ca5-4f26-8149-b11831e27116'::uuid,'90e257a5-4a4b-49aa-95e3-25a55c895912'::uuid,'152f42a1-df77-4938-9e1d-c0f602c32d32'::uuid,false,NULL,NULL,'2023-06-07 22:09:42.584914+07','2023-06-07 22:09:42.584914+07'),
	 ('02d29e23-a16f-452d-bbc2-817730163978'::uuid,'90e257a5-4a4b-49aa-95e3-25a55c895912'::uuid,'3dc07499-b715-4acd-ae32-4e38064ec282'::uuid,false,NULL,NULL,'2023-06-07 22:09:42.585876+07','2023-06-07 22:09:42.585876+07'),
	 ('a12f34b6-7acd-48c4-8414-02f96f9c08b3'::uuid,'90e257a5-4a4b-49aa-95e3-25a55c895912'::uuid,'030c3a63-dfac-4f19-99e0-68e4fe42c47b'::uuid,false,NULL,NULL,'2023-06-07 22:09:42.587067+07','2023-06-07 22:09:42.587067+07'),
	 ('2d495829-d900-4b9e-8b9a-5c76b0dc88d1'::uuid,'90e257a5-4a4b-49aa-95e3-25a55c895912'::uuid,'7f08cad5-9b10-427e-a1a3-353b6450f45a'::uuid,false,NULL,NULL,'2023-06-07 22:09:42.588037+07','2023-06-07 22:09:42.588037+07'),
	 ('bcac2167-683a-43df-afc7-b905e6e50e4f'::uuid,'816a3c78-386d-47e9-b543-93861deee0b1'::uuid,'4612b110-4026-47af-a6c0-a43574133f71'::uuid,false,NULL,NULL,'2023-06-07 22:11:22.240296+07','2023-06-07 22:11:22.240296+07'),
	 ('7cb75246-1f1c-4732-9a90-da4a69ca5c37'::uuid,'816a3c78-386d-47e9-b543-93861deee0b1'::uuid,'bd7a7662-b47c-4dc1-88b8-598ff470dcb8'::uuid,false,NULL,NULL,'2023-06-07 22:11:22.244293+07','2023-06-07 22:11:22.244293+07'),
	 ('29739bba-cb2c-4582-b89b-97dd473c04f0'::uuid,'816a3c78-386d-47e9-b543-93861deee0b1'::uuid,'190b268f-c4d4-4846-a3d9-40202aafa353'::uuid,false,NULL,NULL,'2023-06-07 22:11:22.245461+07','2023-06-07 22:11:22.245461+07'),
	 ('2f345c77-7d4d-4c2c-b355-45ba4d391286'::uuid,'816a3c78-386d-47e9-b543-93861deee0b1'::uuid,'971edc64-a951-4067-b728-c2c58aa9b1b4'::uuid,false,NULL,NULL,'2023-06-07 22:11:22.246506+07','2023-06-07 22:11:22.246506+07'),
	 ('0c89ee9d-55b8-453b-bf55-a5cf32d0aa48'::uuid,'90e257a5-4a4b-49aa-95e3-25a55c895912'::uuid,'df180ec1-7f7d-4d20-8a84-f042aa63e2b9'::uuid,false,NULL,NULL,'2023-06-07 22:12:15.08733+07','2023-06-07 22:12:15.08733+07'),
	 ('dc97cd77-5126-46e0-be40-53b35cf533bb'::uuid,'844427a2-3ccf-43fa-a519-99b7a941c9c1'::uuid,'152f42a1-df77-4938-9e1d-c0f602c32d32'::uuid,false,NULL,NULL,'2023-06-07 22:12:15.08733+07','2023-06-07 22:12:15.08733+07');
INSERT INTO public.role_permissions (id,role_id,permission_id,is_deleted,created_by,updated_by,created_at,updated_at) VALUES
	 ('c9e63b74-bcdb-4e3e-870f-71aa499dc990'::uuid,'844427a2-3ccf-43fa-a519-99b7a941c9c1'::uuid,'3dc07499-b715-4acd-ae32-4e38064ec282'::uuid,false,NULL,NULL,'2023-06-07 22:13:47.427294+07','2023-06-07 22:13:47.427294+07'),
	 ('5058d8df-cca0-4177-bac1-d556e2eddc61'::uuid,'c547f281-5ba1-40e0-952c-6657e163d6f6'::uuid,'030c3a63-dfac-4f19-99e0-68e4fe42c47b'::uuid,false,NULL,NULL,'2023-06-07 22:13:47.427294+07','2023-06-07 22:13:47.427294+07'),
	 ('2e464ea5-72a2-4312-a1c9-888068449797'::uuid,'c547f281-5ba1-40e0-952c-6657e163d6f6'::uuid,'32d27b90-ec5e-494b-9e75-04dc3457879e'::uuid,false,NULL,NULL,'2023-06-07 22:13:47.427294+07','2023-06-07 22:13:47.427294+07'),
	 ('f9cc9c6e-0aea-45e3-b806-2ede209a69d8'::uuid,'c547f281-5ba1-40e0-952c-6657e163d6f6'::uuid,'7f08cad5-9b10-427e-a1a3-353b6450f45a'::uuid,false,NULL,NULL,'2023-06-07 22:13:47.427294+07','2023-06-07 22:13:47.427294+07'),
	 ('1718f56a-fd33-4297-b492-49a033858b06'::uuid,'c547f281-5ba1-40e0-952c-6657e163d6f6'::uuid,'72cbcee3-9e59-468a-b35e-155479bc4bca'::uuid,false,NULL,NULL,'2023-06-07 22:13:47.427294+07','2023-06-07 22:13:47.427294+07'),
	 ('0f6ee185-66bf-4b30-a3c1-c6c6884954b8'::uuid,'c547f281-5ba1-40e0-952c-6657e163d6f6'::uuid,'a6d081bb-0d29-481b-b9cb-f944cb911292'::uuid,false,NULL,NULL,'2023-06-07 22:13:47.427294+07','2023-06-07 22:13:47.427294+07'),
	 ('d4d9db74-a61b-4087-9127-a40ca9cbd62d'::uuid,'c547f281-5ba1-40e0-952c-6657e163d6f6'::uuid,'a29898a7-e5a9-44d4-9cec-1d502a6b6ebe'::uuid,false,NULL,NULL,'2023-06-07 22:13:47.427294+07','2023-06-07 22:13:47.427294+07'),
	 ('09061ace-b42e-418e-99c9-7761cdd44942'::uuid,'c547f281-5ba1-40e0-952c-6657e163d6f6'::uuid,'3fd7f70a-f3e8-4d7f-8dd1-f54209a5002a'::uuid,false,NULL,NULL,'2023-06-07 22:13:47.427294+07','2023-06-07 22:13:47.427294+07'),
	 ('f84af7ee-6e92-43ef-9be2-688f4e2d10c0'::uuid,'c547f281-5ba1-40e0-952c-6657e163d6f6'::uuid,'df180ec1-7f7d-4d20-8a84-f042aa63e2b9'::uuid,false,NULL,NULL,'2023-06-07 22:13:47.427294+07','2023-06-07 22:13:47.427294+07'),
	 ('06439fcf-152b-4f9d-847b-8947b796d379'::uuid,'c547f281-5ba1-40e0-952c-6657e163d6f6'::uuid,'ba6cf412-6ea5-4f44-86d7-d6e0925acb79'::uuid,false,NULL,NULL,'2023-06-07 22:13:47.427294+07','2023-06-07 22:13:47.427294+07');